cvss,exploit_available,service_criticality,exposure,mitre_impact,actual_risk_label
3.745401188473625,0,2,0,4,1
9.50714306409916,0,5,0,2,2
7.319939418114051,1,5,1,1,2
5.986584841970366,0,3,0,0,0
1.5601864044243652,0,4,0,1,0
1.5599452033620265,1,5,0,0,1
0.5808361216819946,0,4,1,2,1
8.661761457749352,1,1,1,5,3
6.011150117432088,0,4,1,4,2
7.080725777960454,0,2,0,2,1
0.20584494295802447,0,2,0,1,0
9.699098521619943,0,5,0,0,1
8.324426408004218,1,4,1,1,2
2.1233911067827616,0,5,0,4,1
1.8182496720710062,0,3,0,2,0
1.8340450985343382,0,2,1,1,1
3.0424224295953772,0,5,1,1,1
5.247564316322379,1,3,0,4,2
4.319450186421157,0,5,0,0,1
2.9122914019804194,0,4,0,1,1
6.118528947223795,1,4,1,4,3
1.3949386065204183,0,4,1,0,1
2.9214464853521815,1,4,0,5,2
3.663618432936917,0,1,0,0,0
4.56069984217036,0,3,1,5,2
7.851759613930136,0,3,1,2,2
1.9967378215835974,1,4,0,4,2
5.142344384136116,1,1,0,0,1
5.924145688620425,0,4,0,5,2
0.46450412719997725,0,1,0,5,1
6.075448519014383,0,4,1,2,2
1.7052412368729153,0,2,1,3,1
0.6505159298527952,0,2,1,4,1
9.488855372533333,1,5,0,3,3
9.656320330745594,0,4,1,0,2
8.08397348116461,0,3,0,4,2
3.0461376917337066,0,5,0,2,1
0.9767211400638387,0,2,0,0,0
6.842330265121569,0,4,0,4,2
4.4015249373960135,0,5,1,4,2
1.2203823484477883,1,4,0,3,1
4.951769101112702,0,2,0,0,0
0.34388521115218396,0,5,0,2,1
9.093204020787821,0,2,0,2,1
2.587799816000169,1,1,0,0,0
6.62522284353982,1,2,0,0,1
3.1171107608941098,0,4,1,5,2
5.200680211778108,1,3,0,1,1
5.4671027934327965,0,2,0,3,1
1.8485445552552704,0,3,0,0,0
9.695846277645586,0,1,1,0,1
7.7513282336111455,0,5,0,1,1
9.394989415641891,0,5,0,1,1
8.948273504276488,1,3,0,4,2
5.978999788110851,1,5,0,2,2
9.218742350231167,0,2,0,3,1
0.884925020519195,0,3,1,4,1
1.959828624191452,0,4,1,0,1
0.45227288910538066,0,2,0,1,0
3.2533033076326436,0,2,1,5,2
3.8867728968948203,0,2,1,2,1
2.713490317738959,0,4,0,4,1
8.287375091519294,1,1,0,5,2
3.567533266935893,0,5,0,2,1
2.8093450968738076,0,3,0,5,1
5.426960831582485,1,1,1,1,1
1.4092422497476265,0,3,1,4,1
8.021969807540398,0,5,1,4,3
0.7455064367977082,0,4,1,2,1
9.868869366005173,0,2,0,5,2
7.722447692966574,1,2,0,1,1
1.987156815341724,0,4,1,0,1
0.05522117123602399,0,1,0,4,0
8.154614284548341,1,1,1,0,2
7.068573438476172,1,3,1,1,2
7.2900716804098735,1,4,1,4,3
7.712703466859457,0,1,1,4,2
0.7404465173409036,0,4,0,5,1
3.5846572854427263,1,5,1,0,2
1.1586905952512971,1,2,1,5,2
8.631034258755935,0,2,0,3,1
6.232981268275579,0,2,1,0,1
3.308980248526492,0,4,0,0,0
0.6355835028602363,1,4,1,3,2
3.109823217156622,0,3,0,1,0
3.2518332202674705,0,2,0,1,0
7.29606178338064,0,3,0,4,2
6.3755747135521315,0,2,1,2,1
8.872127425763265,1,3,0,5,3
4.722149251619493,0,3,0,2,1
1.195942459383017,1,5,0,4,2
7.13244787222995,1,3,1,2,2
7.607850486168974,0,4,0,0,1
5.612771975694963,0,3,0,0,0
7.70967179954561,0,2,1,3,2
4.937955963643907,1,3,0,3,2
5.227328293819941,0,1,1,4,1
4.275410183585496,0,2,0,4,1
0.2541912674409519,1,1,1,4,2
1.0789142699330445,0,2,0,0,0
0.3142918568673425,1,4,0,2,1
6.364104112637804,0,4,1,5,2
3.143559810763267,0,4,0,4,1
5.085706911647028,0,1,1,4,1
9.07566473926093,1,5,0,0,3
2.4929222914887497,0,2,0,5,1
4.103829230356297,1,4,0,0,1
7.555511385430487,1,2,1,5,3
2.2879816549162246,0,1,0,0,0
0.7697990982879299,1,5,0,2,1
2.8975145291376805,0,1,0,4,1
1.6122128725400442,0,2,0,1,0
9.29697652342573,0,5,0,1,1
8.08120379564417,1,5,1,4,3
6.334037565104235,0,1,0,4,1
8.714605901877178,0,4,1,4,2
8.036720768991145,0,2,0,4,1
1.8657005888603584,0,3,1,5,2
8.925589984899778,0,3,1,2,2
5.393422419156507,1,1,0,1,1
8.074401551640625,1,2,1,3,2
8.960912999234932,0,2,0,1,1
3.1800347497186388,1,1,1,1,1
1.1005192452767676,0,2,1,0,0
2.279351625419417,1,4,0,4,2
4.271077886262563,0,1,0,4,1
8.18014765922493,0,4,0,4,2
8.607305832563434,0,2,0,0,1
0.06952130531190703,1,1,0,2,1
5.107473025775658,0,2,0,2,1
4.17411003148779,0,1,0,3,1
2.2210781047073027,0,2,1,2,1
1.198653673336828,0,4,0,2,1
3.3761517140362796,0,4,0,4,1
9.429097039125192,1,2,1,5,3
3.2320293202075523,1,1,0,1,1
5.187906217433661,0,3,0,2,1
7.030189588951778,1,4,0,2,2
3.63629602379294,0,4,1,0,1
9.717820827209607,1,3,1,3,3
9.624472949421111,1,2,0,5,3
2.5178229582536416,0,1,1,0,0
4.972485058923855,1,2,0,4,2
3.0087830981676964,0,5,1,1,1
2.848404943774676,0,4,1,3,1
0.36886947354532795,1,5,1,0,1
6.095643339798968,0,4,0,2,1
5.026790232288615,0,4,0,2,1
0.5147875124998935,0,5,0,3,1
2.7864646423661146,1,5,1,2,2
9.082658859666537,0,2,0,0,1
2.395618906669724,0,5,1,0,1
1.448948720912231,1,2,1,2,1
4.89452760277563,1,2,0,2,1
9.856504541106007,0,2,1,4,2
2.4205527151150044,0,4,1,1,1
6.721355474058786,0,4,1,3,2
7.616196153287175,0,5,1,0,1
2.3763754399239967,0,4,1,3,1
7.282163486118596,1,5,0,4,3
3.677831327192532,0,4,1,0,1
6.3230583059357945,0,1,0,4,1
6.335297107608947,0,1,1,4,2
5.357746840747585,1,5,1,5,3
0.902897700544083,0,4,0,2,1
8.35302495589238,1,4,1,5,3
3.2078006497173583,0,2,0,3,1
1.8651851039985423,0,3,0,3,1
0.40775141554763916,0,5,0,2,1
5.908929431882418,0,3,1,5,2
6.775643618422825,0,3,1,3,2
0.16587828927856152,0,5,1,5,2
5.12093058299281,0,4,0,2,1
2.2649577519793795,1,5,1,0,1
6.451727904094499,0,3,1,4,2
1.7436642900499144,1,4,0,4,2
6.90937738102466,0,1,0,5,1
3.867353463005374,0,5,0,3,1
9.367299887367345,0,5,1,5,3
1.3752094414599325,0,4,1,5,2
3.410663510502585,0,1,1,1,1
1.1347352124058907,0,1,0,4,1
9.246936182785628,0,4,1,2,2
8.77339353380981,0,2,0,5,2
2.579416277151556,0,5,0,1,1
6.59984046034179,1,5,1,1,2
8.172222002012159,1,3,0,4,2
5.5520081159946235,1,4,1,4,3
5.296505783560065,1,3,0,4,2
2.418522909004517,0,3,1,2,1
0.9310276780589921,0,1,0,1,0
8.972157579533267,1,5,0,3,3
9.004180571633304,0,3,0,2,1
6.33101457273268,0,1,0,0,0
3.390297910487007,0,4,1,5,2
3.492095746126609,0,3,0,4,1
7.259556788702394,0,5,1,1,2
8.971102599525771,1,3,1,5,3
8.870864242651173,0,4,0,2,1
7.798755458576238,0,3,0,0,1
6.420316461542877,1,5,1,2,2
0.8413996499504883,0,1,1,2,1
1.6162871409461377,0,5,1,3,1
8.985541885270793,0,1,0,5,2
6.0642905965958995,1,2,1,3,2
0.09197051616629648,1,5,0,2,1
1.014715428660321,0,5,1,0,1
6.635017691080558,1,4,1,1,2
0.05061583846218687,0,3,0,1,0
1.6080805141749865,1,1,0,5,1
5.487337893665861,1,1,0,4,2
6.918951976926932,1,4,0,4,2
6.519612595026006,0,4,1,1,1
2.242693094605598,1,3,0,2,1
7.121792213475358,1,3,0,2,2
2.3724908749680007,0,5,0,3,1
3.2539969815926773,1,2,1,5,2
7.464914051180242,0,3,1,3,2
6.496328990472147,1,4,0,4,2
8.49223410494178,0,3,0,1,1
6.576128923003433,1,1,1,2,2
5.683086033354716,0,2,1,1,1
0.9367476782809248,0,5,0,0,0
3.6771580305943354,0,1,0,1,0
2.6520236768172545,0,1,0,0,0
2.4398964337908358,0,2,0,3,1
9.730105547524456,0,5,0,3,2
3.930977246667604,0,4,1,4,2
8.920465551771134,0,5,0,1,1
6.311386259972629,0,3,1,1,1
7.948113035416484,1,1,0,0,1
5.026370931051921,0,3,1,3,2
5.769038846263591,1,4,1,0,2
4.925176938188639,1,3,0,3,2
1.952429877980445,0,5,0,0,0
7.224521152615053,0,3,1,3,2
2.807723624408558,1,4,0,0,1
0.2431596643145384,0,4,0,3,1
6.454722959071678,0,4,0,5,2
1.7711067940704894,0,5,1,0,1
9.404585843529143,1,4,0,1,3
9.539285770025874,0,1,1,4,2
9.148643902204485,0,4,0,5,2
3.7015870025544437,1,3,1,5,3
0.15456616528867428,1,3,0,0,0
9.283185625877254,0,3,1,4,2
4.281841483173143,0,5,0,1,1
9.666548190436696,1,3,1,5,3
9.636199770892528,0,5,1,1,2
8.530094554673601,0,5,0,3,2
2.944488920695857,0,4,0,4,1
3.8509772860192526,1,1,0,2,1
8.511366715168569,0,4,0,3,2
3.1692200515627764,1,4,1,4,2
1.6949274668609249,1,5,0,0,1
5.568012624583502,0,5,0,0,1
9.36154774160781,0,3,1,1,2
6.96029796674973,0,3,0,5,2
5.700611700893649,0,4,0,2,1
0.9717649377076854,0,2,0,0,0
6.150072266991698,1,2,1,4,2
9.900538501042632,0,3,1,5,3
1.4008401523652403,1,2,1,5,2
5.183296523637368,0,3,0,4,1
8.773730719279554,0,5,1,5,3
7.407686177542044,0,4,0,0,1
6.97015740995268,0,1,0,4,1
7.024840839871093,1,4,0,4,2
3.5949115121975517,0,3,0,1,0
2.9359184426449336,0,3,0,2,1
8.093611554785136,0,4,0,1,1
8.101133946791808,0,3,0,2,1
8.670723185801037,0,2,0,4,2
9.132405525564714,0,2,1,5,2
5.113423988609378,1,3,0,2,1
5.015162946871996,0,3,1,4,2
7.9829517896677515,1,2,0,4,2
6.4996393077776515,0,3,1,1,1
7.019668772577034,0,3,0,1,1
7.95792669436101,0,4,0,5,2
8.900053418175663,0,1,0,3,1
3.379951568515358,0,2,1,0,1
3.75582952639944,0,4,1,3,2
0.93981939840869,0,1,0,3,0
5.78280140996174,0,3,0,5,2
0.35942273796742086,0,3,1,2,1
4.655980181324601,1,4,1,5,3
5.426446347075766,0,3,0,5,2
2.865412521282844,0,5,0,4,1
5.9083326056901075,0,4,0,4,2
0.3050024993904943,0,1,1,4,1
0.37348188749214417,0,4,0,0,0
8.226005606596583,0,2,1,2,2
3.601906414112629,0,4,0,2,1
1.2706051265188478,0,3,0,4,1
5.222432600548044,0,3,0,3,1
7.699935530986108,0,5,1,0,1
2.1582102749684315,0,5,1,3,1
6.228904758190002,0,5,0,1,1
0.85347464993768,0,1,1,2,1
0.516817211686077,1,5,0,2,1
5.31354631568148,0,1,0,3,1
5.406351216101065,0,5,0,0,1
6.374299014982066,0,1,0,2,1
7.260913337226615,1,4,0,3,2
9.758520794625346,0,4,1,5,3
5.163003483011953,0,3,0,5,2
3.2295647294124596,0,1,1,0,0
7.9518619476870365,0,2,0,3,1
2.708322512620742,0,3,1,5,2
4.389714207056361,0,4,0,0,0
0.7845638134226596,1,1,0,4,1
0.2535074341545751,0,5,0,0,0
9.626484146779251,1,2,0,1,3
8.359801205122059,1,4,1,4,3
6.95974206093698,0,3,0,3,1
4.089529444142698,0,1,1,4,1
1.7329432007084578,0,2,0,4,1
1.5643704267108605,0,1,0,3,0
2.502428981645953,0,5,0,3,1
5.4922666470612045,1,3,1,5,3
7.145959227000623,1,1,1,1,2
6.601973767177313,0,4,0,3,1
2.7993389694594284,0,3,0,2,1
9.54865280663194,1,4,0,2,3
7.378969166957685,1,1,1,1,2
5.543540525114007,1,3,1,0,2
6.117207462343522,0,4,0,0,1
4.196000624277899,0,5,0,2,1
2.4773098950115746,0,5,0,3,1
3.559726786512616,0,1,1,1,1
7.578461104643691,0,3,0,0,1
0.14393488629755868,0,2,1,0,0
1.1607264050691624,0,3,0,4,1
0.4600264202175275,0,5,1,2,1
0.40728802318970136,0,4,1,3,1
8.554605840110073,0,2,1,1,1
7.036578593800237,0,1,1,0,1
4.741738290873252,0,2,1,4,2
0.9783416065100148,0,1,0,2,0
4.916158751168323,1,2,0,2,1
4.734717707805657,0,1,0,1,0
1.7320186991001518,0,1,1,0,0
4.33851649237973,0,2,0,1,0
3.9850473439737346,1,2,1,1,1
6.158500980522165,0,1,1,5,2
6.350936508676438,0,5,0,4,2
0.4530400977204452,0,2,0,2,0
3.746126146264712,0,3,0,5,1
6.258599157142363,0,4,0,3,1
5.031362585800877,0,1,0,2,1
8.564898411883222,1,1,0,2,2
6.58693631618945,0,4,1,4,2
1.629344270814297,1,5,1,3,2
0.7056874740042984,1,4,0,0,1
6.424192782063156,0,2,0,3,1
0.26511310541621813,1,4,0,0,1
5.8577558127346325,0,1,1,3,1
9.402302414249576,0,4,1,1,2
5.75474177875879,0,3,0,3,1
3.881699262065219,0,2,0,5,1
6.432882184423532,0,4,1,5,2
4.582528904915167,0,1,1,4,1
5.45616789315935,0,2,0,0,0
9.41464808776525,0,1,1,2,1
3.8610263780077423,0,5,0,4,1
9.611905638239142,0,3,0,5,2
9.053506419560637,0,5,1,5,3
1.9579113478929644,0,3,1,0,0
0.6936130087516545,1,4,0,5,2
1.0077800137742665,0,2,1,5,1
0.18221825651549728,1,4,0,0,1
0.944429607559284,0,3,1,5,2
6.830067734163569,0,3,0,2,1
0.7118864846022899,0,3,1,1,1
3.189756302937613,0,1,1,4,1
8.448753109694545,0,2,0,2,1
0.23271935735825866,1,4,1,2,2
8.144684825889358,0,4,1,1,2
2.8185477477339993,1,5,1,4,3
1.1816482762165625,1,3,0,2,1
6.967371653641506,1,3,1,5,3
6.28942846779884,1,3,1,1,2
8.77472013527053,0,4,0,4,2
7.350710438038858,0,5,1,3,2
8.034809303848485,0,1,0,0,0
2.820345725713065,0,2,0,5,1
1.7743954377972282,0,1,0,1,0
7.506147516408584,1,4,0,0,1
8.06834739267264,0,3,1,3,2
9.905051420006734,0,2,0,2,1
4.126176769114265,0,4,1,2,1
3.720180857927832,0,4,0,4,1
7.764129607419968,0,4,0,1,1
3.4080354025301784,1,2,0,1,1
9.307573256035647,0,2,0,4,2
8.584127518430119,0,5,1,0,2
4.289940273750183,0,5,1,2,2
7.508710677914974,0,1,1,2,1
7.545428740846823,0,2,0,1,1
1.031238688359326,0,2,0,1,0
9.025529066795666,0,2,0,4,2
5.052523724478571,0,5,0,3,1
8.264574661077416,0,4,0,0,1
3.2004960103061175,0,3,1,5,2
8.955232284962005,0,5,0,3,2
3.892016787341631,0,2,1,3,1
0.1083765148029836,0,5,0,1,0
9.053819764192637,1,1,0,1,3
0.9128667678613356,0,2,1,1,0
3.1931363759041487,0,1,0,3,1
9.50061967050805,0,2,1,0,1
9.506071469375561,0,5,1,1,2
5.734378881232861,0,4,0,2,1
6.318372121697992,0,3,1,0,1
4.4844552197831975,1,1,0,2,1
2.9321077169806453,0,5,0,0,0
3.2866454536991596,0,4,1,1,1
6.725184560770384,0,5,0,5,2
7.5237452943768,0,1,1,4,2
7.915790437258485,0,3,1,1,1
7.896181427945539,0,5,1,3,2
0.9120610304869037,1,2,0,5,2
4.944203047025814,0,4,0,3,1
0.5755876001664428,0,5,1,0,1
5.495288823237355,1,4,0,3,2
4.41530501373377,0,2,0,5,1
8.877041827582998,1,3,0,5,3
3.5091501255207866,0,3,0,1,0
1.1706701642760586,1,2,0,2,1
1.4299168205283586,0,4,1,1,1
7.615106317174723,1,5,1,0,2
6.182180633162611,1,2,0,3,2
1.0112267612279024,0,1,0,2,0
0.8410680611499743,1,4,0,4,2
7.009691314591199,0,3,1,5,2
0.7276300636419353,0,2,0,2,0
8.218600592903563,0,3,1,2,2
7.062422271564962,0,4,0,1,1
0.8134878064189976,0,3,1,4,1
0.8483771408519192,0,2,0,5,1
9.866395785011754,0,4,1,0,2
3.742707957561203,1,1,0,0,1
3.706421470668909,1,2,1,2,2
8.127995672575025,0,5,0,2,1
9.472485773838587,0,2,1,3,2
9.860010638228708,0,4,1,4,3
7.533781852589416,0,2,0,5,2
3.762595855309158,0,1,1,2,1
0.8350071669866876,0,1,0,3,0
7.771469159274368,0,5,0,4,2
5.58404249735805,1,3,0,5,2
4.242220092469763,0,4,0,0,0
9.06354385094736,0,4,1,3,2
1.1119748230615134,0,3,1,4,1
4.926251042908591,0,1,0,3,1
0.11353644767419069,0,1,0,2,0
4.6866064199412625,0,2,1,1,1
0.5630327568183735,0,5,1,0,1
1.1881791626807192,0,5,0,2,1
1.1752624677710488,1,5,1,2,2
6.492103021160636,1,2,0,4,2
7.460448792654233,0,5,0,3,2
5.833687650971596,0,3,1,0,1
9.621725484745419,0,2,0,2,1
3.748705795237041,0,3,0,4,1
2.8571208628186073,0,2,0,0,0
8.685991281894603,0,5,1,3,2
2.235958385194526,0,3,1,2,1
9.632225394406113,0,3,0,5,2
0.12154474689816341,0,3,0,2,0
9.69878826707639,1,2,0,2,3
0.43159911950576113,1,4,0,0,1
8.911431136980712,1,5,0,0,2
5.277011090862999,0,3,1,0,1
9.929647961193004,1,4,0,0,3
0.7379656473539886,0,5,0,4,1
5.538542844013207,1,5,0,1,2
9.69302535619099,0,3,0,4,2
5.230978441701488,1,3,1,2,2
6.293986381352625,0,2,0,4,1
6.957486889846171,1,4,0,3,2
4.545410647677732,1,4,0,5,2
6.275580800840634,0,3,0,0,1
5.843143119231002,0,5,0,3,1
9.01158010490989,1,3,0,5,3
0.4544638034145787,0,5,0,3,1
2.809631895922303,1,5,0,2,2
9.504114840765588,0,3,0,0,1
8.902637838909163,0,1,0,3,1
4.55656752785713,0,4,1,2,1
6.201325978015367,0,5,0,0,1
2.7738118298113266,1,5,0,1,1
1.881211597237613,0,1,0,2,0
4.636984049399821,0,2,0,4,1
3.533522280260528,0,1,1,0,0
5.836561118508721,0,1,0,3,1
0.7773463696498484,1,5,1,5,3
9.743948076661665,1,4,0,3,3
9.86210744479603,0,1,0,4,2
6.981617140197452,1,2,1,4,3
5.360963663441204,1,3,0,3,2
3.0952761628632777,0,1,0,5,1
8.137950197069486,1,1,0,0,1
6.847311725538793,0,2,1,2,1
1.626169393448913,0,4,0,4,1
9.109271844938425,1,1,1,4,3
8.22537242923169,0,1,0,4,1
9.49799913291924,1,4,1,5,3
7.2571950838836,1,2,0,1,1
6.134151959357899,0,1,1,5,2
4.182430362906189,1,4,0,0,1
9.327284833540133,0,1,1,0,1
8.660638895004084,0,3,0,0,1
0.45218670106189407,0,5,0,0,0
0.26366974497252005,1,3,0,0,0
3.7646336687804958,0,1,0,3,1
8.105533307818328,0,2,0,4,1
9.872761293149445,0,5,1,5,3
1.5041689110352818,1,3,1,3,2
5.941307153521351,0,4,0,5,2
3.8089085663102153,0,2,1,1,1
9.699143978146033,0,3,0,2,1
8.421189231357086,0,4,0,4,2
8.383287047111379,1,1,1,1,2
4.686931597949703,0,4,1,3,2
4.148195023376652,0,3,1,2,1
2.7340707193070624,1,3,0,1,1
0.5637549665092711,0,1,1,5,1
8.647223762550531,1,4,0,2,2
8.129010091300776,0,4,0,5,2
9.997176732861305,1,1,0,1,3
9.966368370739055,0,4,1,3,2
5.5543170560262745,0,1,1,5,2
7.689874151805105,1,2,1,2,2
9.44765729882428,1,3,0,1,3
8.496473906774115,1,2,0,5,3
2.4734810174319763,0,5,0,3,1
4.505441353100935,1,5,0,4,2
1.2915941515149498,1,5,0,3,2
9.540510272587223,0,1,1,3,2
6.0617463445088005,1,4,0,4,2
2.2864280550346274,1,2,0,3,1
6.7170068440585675,0,2,0,4,1
6.181282404578958,0,2,0,4,1
3.5816271803284048,0,2,0,5,1
1.1355759219962902,0,5,1,5,2
6.715731955927996,0,2,1,4,2
5.2030770090379335,0,4,1,1,1
7.723183917356393,0,5,0,2,1
5.201635011119934,0,2,0,1,0
8.5218150031854,0,1,0,4,1
5.519068387744856,1,3,1,2,2
5.609379715353863,1,3,1,5,3
8.76653602658345,0,3,0,2,1
4.034828662123971,1,5,0,4,2
1.3401522845064073,0,2,0,5,1
0.28782676313338973,0,5,1,2,1
7.55137255673619,0,4,1,2,2
6.203095513534647,0,1,0,1,0
7.0407976809922355,1,1,0,2,1
2.129641615089107,1,3,0,4,2
1.3637147558676976,0,3,0,0,0
0.14544665667881929,0,3,0,0,0
3.5058755880659698,0,2,0,0,0
5.899176868546331,0,4,1,4,2
3.922440450997323,0,4,1,0,1
4.374749220237291,0,4,0,1,1
9.041586944937483,1,4,1,4,3
3.4825546702330037,1,3,0,5,2
5.139894891598108,0,1,0,4,1
7.8365301274114305,1,3,0,4,2
3.9654278232127016,0,4,0,2,1
6.220867002278735,0,3,0,2,1
8.623637087467452,0,4,0,2,1
9.495206236576422,0,5,0,3,2
1.4707348092903794,1,1,1,1,1
9.265876251614944,0,5,0,4,2
4.921162930795382,0,2,0,4,1
2.5824438829895833,0,3,0,2,1
4.591357562382613,0,2,1,4,2
9.800325752854771,1,3,0,5,3
4.926180939928696,0,5,1,4,2
3.287516102875082,0,4,0,0,0
6.334008543167258,0,4,0,5,2
2.401456187781931,0,3,0,5,1
0.7586332810866392,0,4,0,4,1
1.2887972191064923,0,5,0,3,1
1.2804583895777244,0,4,0,2,1
1.5190269351229435,1,5,0,1,1
1.3882717264941014,1,2,0,1,1
6.4087474480321465,1,5,0,0,1
1.8188008439914483,0,1,1,1,0
3.456672833238632,0,1,0,1,0
8.967884099060118,0,1,1,2,1
4.739616402628723,1,3,1,2,2
6.675577385210271,0,3,0,3,1
1.7231987120162984,0,3,0,0,0
1.9228901880867078,0,5,0,1,1
0.40868616266478863,0,3,1,3,1
1.6893506307216455,0,2,1,0,0
2.7859033903195862,0,1,1,5,1
1.7701048427674682,1,5,1,1,2
0.8870253375705561,0,1,1,1,0
1.206358711006008,0,3,0,2,0
4.607787680327258,0,5,0,4,2
2.063337184057925,0,4,1,0,1
3.6426986104807546,0,2,0,1,0
5.034172708548569,1,3,0,0,1
6.903948286293653,0,3,1,3,2
0.39312139841098936,1,2,0,3,1
7.994103989090426,0,2,1,4,2
6.279003894909078,0,4,1,1,1
0.8175903194887191,1,3,0,2,1
8.735786241067773,0,3,1,1,1
9.208724005318132,0,1,0,0,1
0.6107795985486375,0,5,0,5,1
2.7687764814720373,0,5,0,3,1
8.062012797930613,1,1,0,0,1
7.482596903836583,0,5,0,4,2
1.8452101935637732,1,2,0,3,1
2.093493233367103,1,5,0,2,1
3.70472102791382,0,5,0,3,1
4.845229851910213,1,1,1,5,2
6.1825477153029595,0,4,1,1,1
3.689136395697724,1,5,0,5,2
4.625347161331479,0,5,0,5,2
7.474709381337565,0,4,0,1,1
0.366832028905979,0,1,0,3,0
2.5243694434402073,0,4,1,4,2
7.133495858845524,0,1,1,1,1
8.952068376871994,1,2,0,1,2
5.116774421156661,0,1,0,2,1
5.321134852653157,0,2,0,3,1
1.0717201133977605,1,2,1,1,1
4.474123668234546,0,1,0,4,1
5.326172664550231,1,3,1,0,1
2.4247050363472966,1,1,1,3,2
2.6924323094938094,1,5,0,2,2
3.7728416310462265,1,5,0,5,2
0.20071197777726368,0,3,1,1,1
3.220791655831783,0,2,0,4,1
2.1144800699654462,1,3,0,3,1
3.2749735217791462,0,5,0,4,1
1.1976213181925122,0,3,1,4,1
8.90527280739895,0,1,1,5,2
5.935924535540487,1,3,1,2,2
6.791023191444896,0,2,1,3,2
7.891712386073383,0,1,1,1,1
4.984421989290572,0,4,1,2,1
0.8692028808742369,0,5,0,1,0
5.371065418185478,0,5,0,0,1
5.868411180208791,0,3,1,4,2
7.4543947418433,0,1,1,0,1
4.316595462296794,1,4,1,4,3
1.2758030279556376,0,1,0,5,1
2.8377590579872445,1,5,1,2,2
3.630822963986351,1,1,1,1,1
6.459172413316012,0,4,0,5,2
5.707783046689119,0,3,0,1,1
3.5609672589784624,0,2,0,2,1
9.865152487929796,1,1,0,3,3
6.057748193568871,0,2,0,0,0
2.372267917359945,0,5,0,0,0
1.0178247262040374,0,3,0,1,0
1.5285913918433203,0,3,1,1,1
2.459577283845081,0,1,1,1,0
1.6068137325955567,0,3,1,2,1
1.8656702405130576,1,1,0,3,1
2.850951686938471,0,1,0,0,0
1.7337359529475482,0,2,1,5,1
8.967654246264251,0,3,0,4,2
0.8023374566164221,1,1,1,2,1
5.245113895702547,0,2,1,0,1
4.103968269896615,1,4,0,3,2
9.823786169086064,0,2,1,2,2
1.1203890216805235,0,2,0,5,1
3.9785559904574166,0,1,0,0,0
9.69470433275369,0,5,1,2,2
8.655071258939802,0,5,0,0,1
8.1707207094928,0,5,1,0,1
2.579028270449398,1,2,0,3,1
1.7088758739006582,0,1,0,4,1
6.68643219924431,0,3,0,3,1
9.293759891275858,0,2,1,0,1
5.567628930139298,0,2,0,2,1
5.7161268946989985,0,1,0,5,1
2.7997909366028417,0,4,1,3,1
7.694929331919369,0,2,0,4,1
1.8704374855752337,0,4,1,0,1
3.2367923640424365,0,4,0,5,1
4.254364386164168,0,5,1,3,2
5.07610378684455,0,1,1,3,1
2.4240973241508024,0,4,0,3,1
1.1483682473920354,1,1,0,3,1
6.1062004244163255,0,5,1,5,3
2.8863055324025577,0,1,0,2,0
5.812382214226123,0,2,1,4,2
1.5436271527420231,1,4,0,4,2
4.811401018548175,1,1,0,0,1
5.325894325515859,0,3,0,1,1
0.5182353682242691,1,1,1,2,1
3.366042781939206,0,4,0,0,0
1.3441467693897424,0,5,1,0,1
0.6337497047276774,1,5,1,3,2
9.899602323899453,1,4,0,1,3
3.2235384497472297,0,2,0,1,0
8.09874445854635,0,2,1,2,1
2.5464065476376385,0,5,0,1,1
6.8150272222392925,0,5,1,0,1
7.6022785988968655,1,4,0,1,2
5.956387406078443,0,2,0,1,1
4.715761885501584,0,5,1,4,2
4.118409141472686,0,2,0,0,0
3.4886826654299528,0,5,0,5,2
9.29529144247826,0,1,0,1,1
8.306194077877292,0,3,0,1,1
9.650269106665126,1,1,0,3,3
1.2429722348554473,1,5,1,1,2
7.308674752036443,0,3,0,1,1
9.383404568210379,1,3,0,4,3
1.8123306616566015,1,5,1,0,1
0.664962673667775,1,5,0,2,1
7.4112064929005905,0,2,0,0,1
5.744731131799119,0,5,1,3,2
8.41828776758272,0,4,1,0,1
1.397723766262895,0,5,0,1,1
7.952673118598902,0,4,1,3,2
2.0162732004774453,0,5,0,0,0
1.636559428657045,0,2,1,3,1
1.6426579793099294,1,4,0,2,1
8.14574720231382,0,1,0,0,0
6.651972206962001,0,4,0,5,2
5.230654247691193,1,2,0,1,1
3.5883048412350247,1,4,0,3,2
8.772005408131083,1,5,1,5,3
3.924451074226354,1,5,0,5,2
8.16599439471577,0,2,0,4,1
4.391349085702184,1,3,0,3,2
3.769444294249076,0,5,0,5,2
4.626797856696064,0,1,1,4,1
3.0137787416414206,0,2,0,5,1
7.476093801762511,0,4,0,1,1
5.027203900924792,0,4,0,2,1
2.322126951468173,0,1,1,4,1
8.995745732745684,1,5,0,2,2
3.8389122137321143,0,2,0,3,1
5.435528611139886,0,1,0,1,0
9.06472110964547,1,5,0,4,3
6.242379959139921,0,2,0,3,1
1.1689804070836407,0,4,1,5,2
9.398321236134752,0,2,1,0,1
6.277080530714178,0,3,1,3,2
3.3490561465708613,0,2,0,2,1
1.3927207266338726,1,3,0,1,1
7.9402518927029595,0,2,0,1,1
6.200727559285135,0,3,1,3,2
5.334610919763215,1,4,0,5,2
8.938925830509577,1,5,1,0,2
7.885972112245307,0,3,0,2,1
1.5167487973275118,0,3,0,3,1
3.1172206779554825,0,4,0,3,1
2.4848913981446574,0,3,0,1,0
7.43946292572677,0,1,1,2,1
0.3353243473577938,0,4,1,0,0
5.698896848713165,1,1,0,1,1
7.624586857406905,0,4,0,3,2
8.767656367617494,0,3,1,1,1
3.4208174871590744,0,1,1,1,1
8.212573046720129,0,3,0,4,2
1.1063173695520723,0,4,0,1,0
8.464522917345182,0,3,0,5,2
1.2748866233198242,1,1,0,1,1
3.9728729056036727,0,1,0,5,1
7.972953657795536,0,3,0,2,1
1.4991742734877378,0,2,0,1,0
2.2925139523264146,0,4,0,0,0
7.222525683930662,0,4,0,5,2
7.200365365460744,0,3,1,5,2
6.411476328852973,0,2,1,3,2
6.939484444671001,0,1,0,2,1
5.427244433475962,1,5,1,1,2
2.5179905890695276,1,5,1,0,1
3.4569599350391944,1,3,0,3,2
1.8159771680142567,1,2,0,2,1
9.084505613336283,0,2,1,5,2
5.833917947661204,1,4,1,0,2
4.008514167636399,0,1,1,1,1
4.620058036441327,1,2,1,4,2
9.472833396118153,1,5,1,4,3
1.533514031160802,1,1,0,2,1
5.862298320167972,1,1,0,0,1
5.05888678884466,0,3,0,3,1
6.1145423543464785,0,2,0,0,0
0.18110183820840509,0,3,1,5,1
8.721239089441514,0,2,0,4,2
9.321182824836123,0,4,1,2,2
5.65133183589209,0,3,0,1,1
6.966508238768922,1,3,0,0,1
9.224993811772958,0,5,0,4,2
7.072386343133986,1,3,0,3,2
1.5253904291426135,1,2,1,2,1
5.762883601668132,1,5,1,1,2
6.067150463828559,1,3,1,0,2
4.24130671302386,0,3,0,3,1
7.3644423562472285,1,4,0,1,2
9.343670147690148,1,3,0,5,3
9.255685129067764,0,1,0,4,1
4.508393714041321,0,5,1,5,2
1.1323804584075525,1,1,1,4,2
9.848411989623346,0,5,1,3,2
8.388980864459342,0,4,0,5,2
1.2466268120326685,0,3,1,4,1
9.208418826173723,0,3,0,2,1
8.698963620621283,0,3,1,3,2
5.188380571260721,1,5,0,4,2
5.912754357449293,0,3,0,0,0
3.9900270387013026,0,1,0,4,1
0.5476163882203133,0,3,1,5,1
3.3519724164590095,0,4,0,2,1
8.028534485980114,1,1,0,1,1
0.04632023004602859,0,3,1,1,1
3.334991716911442,0,3,0,4,1
3.9816869359094333,0,2,0,1,0
5.373956029379229,0,5,0,4,2
9.198556164127606,1,1,0,2,3
3.4634599436596125,1,2,1,1,1
3.469532018962277,0,4,1,5,2
7.3750124810974835,0,5,0,5,2
4.522179408898071,0,1,1,0,0
2.2460482293998196,0,3,0,4,1
4.524395161326934,0,1,0,1,0
1.4085702037979986,0,3,0,5,1
1.763869865062233,0,5,0,2,1
4.983677727394797,0,3,0,2,1
4.189254495045479,1,4,1,0,2
9.148459010681,1,3,1,2,3
3.623938991166331,0,4,0,2,1
5.805883502780435,1,5,0,1,2
6.322642879195303,0,5,1,4,2
0.13094456588333636,0,1,1,3,1
6.635373720167106,1,4,1,2,2
1.7803596686975143,1,4,0,2,1
9.610703174694551,1,2,1,3,3
1.4866272775311296,0,2,0,2,0
4.146241237270237,0,2,0,1,0
0.8534966807864386,1,3,0,1,1
9.968742518459473,0,2,0,3,1
5.021950103312426,0,4,0,5,2
5.953850173200438,0,3,0,2,1
0.6707647738842748,0,5,0,5,1
7.499604703991778,0,1,1,2,1
2.0990559309558576,0,2,0,4,1
8.980542894407137,1,5,0,2,2
2.0513964048200717,0,4,0,1,0
1.9068772066366657,0,1,1,0,0
0.3654966784809488,0,5,0,0,0
4.720669451099992,0,1,0,0,0
5.648411332626164,0,2,0,0,0
0.6570863942835237,0,4,1,5,2
7.755276166950106,1,1,1,5,3
4.532888347480276,0,5,0,2,1
5.243902693275801,1,2,0,5,2
4.407627469382281,0,2,1,2,1
4.00763060875326,0,5,0,4,1
5.596403313082179,0,5,1,2,2
1.552402459307125,0,1,0,0,0
1.8192813049527112,1,3,0,3,1
8.617856210135173,0,2,0,3,1
9.461154621336327,0,1,0,1,1
3.7330931627975295,1,5,1,1,2
2.707446731435538,1,1,1,2,1
6.439995432390157,1,5,0,3,2
4.087341710980964,0,4,1,0,1
0.2538635566034486,1,5,0,5,2
1.5615259736619036,0,5,0,0,0
7.159722288473976,0,5,0,0,1
6.589239419101514,0,3,1,2,1
0.2709599250348349,0,5,1,2,1
2.219721619329494,0,2,1,4,1
2.310747965880714,0,2,1,0,0
6.718927435987284,1,1,1,0,1
0.19710537754364155,0,3,1,2,1
1.0410858198457384,0,1,1,2,1
7.999160853731894,0,2,1,4,2
1.7854466205433361,1,2,0,4,1
6.527461078518747,0,4,0,1,1
2.381827810467265,0,5,0,3,1
0.9944139275934516,1,2,0,0,0
2.4317219099945406,1,1,0,0,0
7.2226693185565916,0,1,0,4,1
8.556964681062858,0,5,1,4,3
8.302198645669916,1,5,0,1,2
3.9718352961845484,0,4,0,3,1
6.680851365706461,0,3,0,1,1
2.0498429541582097,1,1,1,3,2
2.9314773026101326,0,5,0,5,2
8.963358185211197,0,1,0,0,1
0.13001923510736035,0,5,1,1,1
0.8550853085446808,0,2,1,4,1
2.078862551460273,0,1,0,1,0
0.26532203873819715,1,2,0,5,1
1.8143543508979731,0,1,0,1,0
5.830415609696922,0,3,1,0,1
4.214245505924979,0,4,0,5,2
8.926717110769749,0,2,0,4,2
8.17443561738441,1,5,0,4,3
3.4181735169787597,0,3,0,2,1
2.594234334312925,0,1,1,5,1
3.7969240816726693,0,2,0,2,1
5.902949425148077,0,1,0,2,1
2.6806364082287626,0,1,0,0,0
6.24148907849134,1,1,0,1,1
4.0941165219124045,1,4,0,4,2
5.520471808519803,0,4,1,4,2
4.361265291353167,0,5,1,1,1
2.9446575954191765,1,2,1,4,2
9.484533069621566,1,3,1,1,3
7.636057941597608,0,3,1,5,2
1.4011317576645255,0,3,0,0,0
8.684679758979128,0,1,1,0,1
4.874311982495136,1,4,1,0,2
8.945522268940914,1,2,1,1,2
7.998552559473152,0,1,0,1,1
4.252135044692334,0,4,0,3,1
0.22469308320117398,1,4,1,4,2
2.686773593849461,1,2,1,4,2
5.416342146608669,1,2,1,3,2
6.334782198261473,1,2,0,3,2
2.578876854332023,0,1,0,0,0
1.3935607407282413,0,5,0,3,1
8.34930236799299,0,2,1,1,1
9.84402180703552,0,5,0,2,2
5.256901823026858,0,1,0,1,0
1.716792858483035,1,5,1,3,2
2.7230732651936895,0,3,0,4,1
0.18390676547466733,1,5,1,1,1
9.14298806560499,0,2,0,4,2
1.1775108289014113,1,1,1,1,1
5.765164755142536,0,2,0,4,1
2.74055220687206,0,3,1,5,2
5.541780025157934,0,2,1,1,1
6.514203883518642,0,2,0,4,1
8.297418037072017,1,2,0,2,2
2.064212717606032,1,4,0,0,1
0.10995828658480478,0,3,1,1,1
1.3688563006880727,0,2,1,2,1
9.00018641848105,0,2,0,0,1
8.738900775625153,0,2,1,1,1
5.974131021703083,1,1,0,2,1
6.005168604336534,1,4,1,2,2
6.650366745462555,0,1,1,5,2
1.753712786234496,1,4,0,2,1
9.144119459249598,0,2,0,5,2
4.187705248920731,1,3,0,3,2
3.8313852824949746,0,5,0,4,1
5.189177052828375,1,5,0,0,1
0.46965966775055046,1,2,0,4,1
1.662833687560794,0,1,0,4,1
7.380336164263705,1,3,0,5,3
0.8279866792512647,0,4,0,4,1
6.031521094663882,0,2,0,2,1
2.4534910968132095,0,3,0,5,1
3.8929561404197655,1,3,1,4,2
2.8869373677069987,1,4,1,5,3
3.5567271646494913,1,3,0,3,2
7.1904590518424545,1,1,0,5,2
2.9712171562317504,0,1,1,1,1
5.664046402968972,1,1,1,2,2
4.760504021990997,0,3,0,0,0
6.636711653626481,0,1,0,1,0
9.36829739324758,0,4,0,1,1
7.325720972102503,1,3,0,1,1
2.149403785907568,1,5,0,4,2
0.3118313506128467,0,3,0,5,1
2.622640442998251,0,4,1,5,2
5.9507793070025485,1,5,0,4,2
0.5142581348425035,0,3,0,2,0
4.963662472012364,1,1,0,4,2
5.968428489168892,1,2,0,4,2
3.3424389081696084,0,2,0,4,1
7.7091220374582194,0,1,0,2,1
1.065982531337718,1,2,1,2,1
0.7513778173580876,1,2,0,3,1
7.281887562036033,0,1,1,3,1
4.954913162061985,1,1,1,3,2
6.88402396427736,0,3,0,3,1
4.348273386037462,0,3,0,5,1
2.464020332391068,1,1,0,1,1
8.191023176741997,1,4,1,1,2
7.994158789689792,0,2,1,3,2
6.946964708544268,1,3,1,3,2
2.7214513722996267,0,2,0,0,0
5.902306668690871,0,5,1,1,1
3.6097389694002677,0,1,0,0,0
0.9158207332663415,1,4,0,0,1
9.173135754622429,0,5,0,4,2
1.368186309189614,0,5,0,5,1
9.502373538208024,0,5,1,2,2
4.460057729579558,1,1,0,1,1
1.8513292883861965,0,3,0,3,1
5.419009473783581,1,1,0,3,1
8.729458358764083,0,3,1,2,2
7.322248864095612,0,5,1,1,2
8.065611478614498,0,5,0,3,2
6.587833667107174,1,4,0,3,2
6.922765645178525,1,3,0,4,2
8.491956515653193,0,5,1,0,2
2.4966800885918596,0,2,0,3,1
4.894249636431405,0,4,0,5,2
2.2120944181960223,0,1,0,1,0
9.87668007996647,0,4,0,5,2
9.440593396866133,0,2,1,2,2
0.394268113685059,0,3,0,4,1
7.055751725156885,0,1,0,1,1
9.252483174156659,0,1,0,4,1
1.8057534512733353,1,3,0,0,1
5.679452305526294,0,4,1,3,2
9.154882975880419,0,5,0,1,1
0.3394597858579884,1,4,1,2,2
6.974202672468399,0,2,1,0,1
2.9734900737255074,0,5,0,0,0
9.243961953765304,0,4,0,4,2
9.710582451653679,0,3,0,0,1
9.442664891134338,0,2,1,1,1
4.742142166574638,0,2,0,4,1
8.620426509893134,1,2,0,0,1
8.445493985350703,0,5,0,2,2
3.1910047324325563,0,1,1,5,1
8.289154741506774,0,5,0,1,1
0.3700763471549262,0,4,0,2,0
5.96269878482053,0,1,0,2,1
2.3000883728770303,1,4,0,4,2
1.205668857772788,0,1,1,3,1
0.7695320162920916,0,5,0,4,1
6.962887758781397,0,2,1,1,1
3.3987496376806616,0,3,1,1,1
7.247667715287615,1,2,0,4,2
0.6535634079894237,0,5,1,3,1
3.152903378306103,0,1,0,4,1
5.394912923753372,0,2,0,1,1
7.907231648389636,1,5,1,3,3
3.187525029320699,0,4,0,1,1
6.2589137643700905,0,3,1,3,2
8.85977748236187,1,2,0,3,2
6.158631881823045,1,1,1,4,2
2.329594747536338,0,4,0,4,1
0.2440078155653802,0,5,0,4,1
8.700988739009299,0,3,0,3,1
0.21269410850387138,0,1,1,3,1
8.747016726841995,0,5,1,1,2
5.28937134027212,0,5,0,2,1
9.390676985128962,0,2,1,4,2
7.987832357736654,0,2,0,5,2
9.979341105333376,0,1,0,1,1
3.5071181545171015,1,5,1,1,2
7.671882889311269,0,2,1,0,1
4.019309136092422,0,3,1,4,2
4.798756203039089,0,3,1,1,1
6.275054632183701,1,5,0,0,1
8.736771141863388,0,2,1,5,2
9.840834691992951,0,1,0,5,2
7.682734138645182,0,1,0,4,1
4.177667821673338,0,1,0,3,1
4.213570022770702,0,3,0,0,0
7.375823015888915,0,2,0,3,1
2.3877714576830233,0,2,0,5,1
1.1047411313139466,1,3,0,5,2
3.546221576407765,0,1,0,2,0
2.8723899165408175,0,1,0,2,0
2.963081204559901,1,5,0,2,2
2.3360775104990994,0,4,0,2,1
0.42093189636361883,0,2,1,1,0
0.1787393473341381,0,2,1,2,1
9.877223897360315,0,2,1,1,1
4.277731337358624,1,4,0,1,1
3.8432664715968166,1,5,1,4,3
6.796472826930699,0,4,0,1,1
2.1825388786506417,0,1,0,1,0
9.499611839502254,1,1,0,2,3
7.863450144155521,1,2,1,1,2
0.8941100231225951,1,3,0,3,1
4.175807757849284,0,2,0,2,1
8.791183075621646,0,3,0,0,1
9.447320222914103,1,4,1,2,3
4.674015112498697,0,1,1,1,1
6.134113892107077,0,3,0,3,1
1.6703394609207523,0,4,0,2,1
9.911686261369766,0,1,0,3,1
2.3167170138344337,0,3,1,0,1
9.427317741351256,0,2,0,5,2
6.496466489923685,1,2,1,0,1
6.077367948788591,0,2,0,5,1
5.126885110165086,1,4,1,4,3
2.3066981171775867,0,2,0,5,1
1.7652803200550826,0,5,0,4,1
2.2048620907017535,1,1,0,2,1
1.8643826214425452,0,4,0,4,1
7.795844735667533,0,2,0,3,1
3.501252591667301,0,1,1,4,1
0.5784267656339637,0,3,0,3,1
9.691026301408113,1,2,1,5,3
8.837858849634257,1,1,1,5,3
9.27752283195213,0,5,0,5,2
9.949078226464353,0,3,1,4,2
1.738952492194873,0,5,1,5,2
3.9624201890265875,1,1,0,4,1
7.582384757040913,0,5,1,4,2
6.960206180537922,0,1,0,1,1
1.5389590633985506,0,1,0,1,0
8.158331249906178,0,5,1,4,3
2.2444057183666066,0,1,0,3,0
2.2381761482262306,1,2,0,2,1
5.3697442289341355,0,1,0,0,0
5.929399348417031,0,4,1,1,1
5.8008620783781115,1,1,1,4,2
0.9148683739775487,1,4,0,0,1
8.774608626303804,0,1,1,1,1
2.6560004258870604,0,1,1,2,1
1.2951492128280417,0,5,0,3,1
8.887480798689772,0,2,0,4,2
9.556514982297534,0,2,1,2,2
8.621276172654506,0,3,1,1,1
8.09516074724878,0,5,1,4,3
6.552419806390217,1,5,0,0,1
5.5085737060913935,0,2,0,5,1
0.8698675991141014,0,5,0,3,1
4.084532130706987,0,2,0,1,0
3.72688517012314,1,5,0,3,2
2.5975378376032623,1,1,1,4,2
7.234201136885849,1,2,0,5,2
4.9587573507877085,1,2,1,2,2
0.8104621590764793,1,4,0,3,1
2.2018320194981134,0,5,0,0,0
6.832587636595959,0,5,0,1,1
0.7613085949030018,0,2,0,0,0
8.512069140487688,1,1,0,3,2
4.951465270139743,1,1,1,5,2
4.80586577326648,0,1,1,2,1
5.924077846595176,0,5,0,2,1
8.246809659251491,0,4,0,0,1
3.4780920790219305,1,2,1,4,2
6.780161525590636,0,3,0,4,1
5.657319639957911,0,4,0,5,2
2.6702827016942132,0,3,0,2,1
8.78629986355158,0,4,1,0,1
7.974260216069281,1,1,0,0,1
6.584518346584255,0,5,0,0,1
8.505817290942419,1,3,1,3,3
8.672942009598025,0,4,0,5,2
7.083629767150348,0,5,0,4,2
8.37013328363672,0,3,0,4,2
6.974714616692836,1,2,1,3,2
6.801407717603004,0,4,0,1,1
6.186113782151843,0,2,1,3,1
7.527166395576412,0,1,1,5,2
1.586051052930737,1,2,0,0,0
8.808707591989284,0,2,1,3,2
8.71843527745232,1,4,0,0,2
0.29247283034559146,0,1,0,5,1
8.258167505647627,0,2,0,5,2
1.288698674734452,0,5,0,2,1
3.351188542591419,0,3,0,0,0
7.435082562916078,0,2,0,4,1
1.607598960483082,0,1,0,3,0
8.179670241190621,0,2,1,5,2
8.32134177957742,1,3,0,0,1
5.074677337608362,0,1,1,1,1
0.0638587171683358,1,4,0,2,1
2.870381331749128,0,1,0,1,0
6.169269183757422,0,4,0,5,2
9.811861780274235,0,1,0,1,1
6.3181352701666835,0,3,0,1,1
2.5980358106415977,0,3,1,2,1
6.340057030996114,0,1,1,2,1
5.3998537971585545,0,2,1,2,1
7.798453951511436,0,3,0,2,1
1.069806388269584,1,4,1,1,1
7.61027902502028,1,4,0,4,2
5.412665786761103,0,5,0,4,2
9.629920038589946,0,4,1,2,2
3.418721660386861,0,5,1,3,2
6.326218931339481,0,1,0,0,0
9.320281055100175,0,1,0,5,2
1.0250972799067926,0,1,0,3,0
9.372284872364512,0,2,1,5,2
6.878857223008134,0,2,0,3,1
0.678370591051719,0,5,1,3,1
3.0096356694681625,1,4,0,4,2
7.081720886452816,1,4,0,0,1
0.673506014687717,0,1,0,3,0
5.8217046017627325,1,3,0,2,2
3.4588305695295674,1,2,0,5,2
6.209155177674771,0,2,1,4,2
0.4574203381251285,0,1,1,5,1
8.715368061523762,0,2,1,2,2
9.734889691773969,1,1,1,2,3
9.688778552856915,1,5,1,3,3
7.496518317429247,0,4,0,2,1
1.3008624013063197,0,3,1,0,0
7.582631959290226,0,4,0,2,1
0.2458691645880151,0,4,0,3,1
0.22123551528997254,0,5,0,5,1
3.2361021914954122,1,2,0,2,1
4.886431904046658,0,3,0,4,1
7.704074178077932,1,2,1,4,3
6.832953766065052,1,4,0,4,2
4.459027063767484,1,1,0,5,2
2.736266662816659,0,4,0,1,1
9.971245001577111,0,2,0,4,2
4.261813022359729,0,4,0,4,1
4.513870243296755,0,1,0,1,0
1.6362382119166918,0,5,0,5,1
7.948095487499294,0,2,0,4,1
6.936822257814886,0,4,1,3,2
2.207696127887604,0,2,1,5,1
0.823810456158427,0,5,0,4,1
6.804993020747131,0,4,0,4,2
6.545112142811353,1,4,0,1,2
2.7325952699820935,1,2,1,3,2
9.508635622504103,0,2,0,5,2
1.5105789178090023,0,1,0,2,0
4.323348010426019,0,5,1,0,1
9.436159201675988,0,1,0,3,1
4.197273169261223,0,4,0,2,1
6.385259476640855,1,2,0,3,2
3.9759439796279428,0,4,1,2,1
2.7421520234867005,0,4,1,2,1
9.839776479598282,0,3,1,3,2
4.09334006315043,0,3,0,1,1
8.940992036791345,0,4,0,3,2
2.299546058910862,0,2,1,3,1
2.131047040250833,0,4,1,2,1
0.3113408288451136,0,3,0,0,0
6.5166682537588505,0,2,1,2,1
3.6852634372376114,0,4,0,4,1
8.64358249839637,0,5,0,3,2
4.732099066915572,1,5,1,5,3
9.681934279147217,0,4,0,3,2
1.8552551570312115,0,2,1,1,1
8.686231679556109,0,4,0,5,2
7.765968527917417,0,4,0,2,1
7.70921844644052,0,3,1,1,1
8.447832281168877,0,5,1,3,2
7.610239909429989,1,3,0,2,2
6.262203216314154,0,3,0,2,1
1.3124487768238757,0,4,1,4,1
0.32526179491251916,0,3,0,4,1
9.208478478156868,1,5,1,0,3
6.166503145207381,0,3,1,4,2
7.965372909761763,0,5,0,5,2
4.815223515125501,0,3,0,2,1
1.1730818896239448,0,5,0,4,1
1.2518579220255044,0,3,1,0,0
6.855652872289713,0,3,0,3,1
4.303058948994627,0,2,0,5,1
2.005247267003367,0,5,0,4,1
4.915945467414369,0,5,0,2,1
0.6420893707513409,0,5,0,3,1
5.819714019143988,1,1,0,2,1
2.6899340443509767,0,3,1,3,1
7.975591006371881,0,5,1,5,3
3.1036195892357377,0,1,1,2,1
4.552201490818012,0,2,0,4,1
0.11620539908100636,1,5,0,4,2
0.7244688779455888,0,5,1,0,1
3.924935564066848,0,1,0,3,1
4.799388347171235,0,3,1,0,1
6.000205481193037,0,2,1,1,1
2.9166257870930323,0,5,0,4,1
6.949818861265426,0,3,1,3,2
8.601223971892045,0,2,1,5,2
7.7985098889334985,1,4,0,0,1
0.39618825348357145,0,4,0,5,1
4.805069472578289,1,2,0,5,2
1.0493017841817487,1,1,0,5,1
2.4204501586252745,1,2,0,0,1
9.866625932671464,0,2,0,1,1
1.4249554290151323,0,1,1,0,0
4.988881534513561,1,1,0,2,1
6.181557343181191,0,3,0,4,1
7.024649705441039,0,3,1,0,1
5.5964868348691414,1,1,0,0,1
0.09770847419183659,1,4,1,1,1
3.2646130824399187,0,4,0,2,1
5.1771164338471145,0,2,0,0,0
0.8786649914483335,0,5,0,4,1
3.5062693120918076,1,2,1,4,2
0.33203108791366565,1,2,0,0,0
0.7857849715502074,0,5,1,5,2
3.9692327620159604,0,1,0,5,1
1.3271575404306035,1,4,0,2,1
5.675408482615581,0,2,0,4,1
6.894649691372657,0,5,1,5,3
8.005866991090828,1,3,1,4,3
2.0015024424481007,0,2,0,2,0
1.6748258225906976,0,4,0,2,1
1.0456784033440025,0,1,0,5,1
6.364302495436367,0,2,0,0,0
7.064757264869011,1,2,0,3,2
0.3158614482564204,0,5,1,1,1
9.362122462436899,1,3,1,3,3
0.5197128365147241,0,3,0,3,1
5.412963353010705,0,1,0,4,1
7.090605194509164,0,4,1,2,2
8.709691237460856,0,1,1,4,2
7.140869321324278,0,2,0,5,2
8.017280830697919,0,2,0,1,1
3.3945019254280604,0,3,0,5,1
8.148251137465122,0,4,0,0,1
0.8011484638467514,1,5,0,1,1
8.948166560605276,0,4,0,4,2
5.475923761537363,1,2,1,4,2
8.172977699624937,0,5,0,5,2
4.523182845183001,0,4,0,4,1
6.4357769519652495,0,4,0,4,2
5.264026609361132,0,5,1,3,2
7.315895217553319,0,2,1,0,1
0.8162998203058958,1,4,0,3,1
0.603520839905638,1,5,0,4,2
2.4710323401014644,0,2,1,2,1
1.5954468011318834,0,5,0,3,1
8.717835665922017,1,5,0,4,3
2.192139873580443,0,4,0,4,1
9.758652558191313,1,2,0,0,3
3.3689579177110685,1,4,0,5,2
1.8211791568869928,1,1,1,1,1
7.896985071424791,0,1,1,3,2
6.587077755008761,0,2,0,3,1
4.98195716453139,0,5,1,3,2
5.553635509376313,0,4,0,4,1
7.192017782722639,1,4,0,0,1
2.2845474133129873,0,2,0,4,1
9.963339160567418,0,2,1,4,2
9.747931621467831,1,1,0,5,3
6.503256863469369,1,3,0,2,2
1.9954245092914513,1,2,1,0,1
6.802282424312914,1,3,1,3,2
0.7219840897917584,0,2,1,1,0
0.30652502205806065,0,5,0,3,1
2.576828885112137,1,5,0,4,2
4.626229567393163,0,1,0,0,0
8.682725054083805,0,1,0,0,1
7.271690697663081,0,3,1,0,1
7.42706521199981,0,2,0,2,1
4.2549333444807536,1,4,0,3,2
3.4593499254696294,0,1,1,2,1
3.7103876298460268,0,4,0,5,2
9.876495637360579,0,4,0,1,1
0.4010919141248248,0,2,1,5,1
8.670314961224486,0,3,1,4,2
5.786754085723934,0,2,1,2,1
4.386154191895905,1,1,0,2,1
7.252576604151365,0,4,0,5,2
4.866689414247029,0,2,1,4,2
8.734232380816605,0,2,0,0,1
9.007018640112586,0,2,0,4,2
4.217209268734554,0,1,1,3,1
2.768277972350516,1,3,0,5,2
5.923503285933622,0,2,1,4,2
9.12363345616691,1,1,0,0,3
2.106621890056666,0,4,0,4,1
6.229665835634828,0,5,0,2,1
6.3156022009252055,0,1,1,1,1
7.33113022415281,1,5,0,2,2
1.315676851272598,0,2,0,1,0
7.158249646820885,0,2,1,4,2
9.09032520665641,0,1,1,3,2
1.7968310887024197,0,5,1,4,2
2.3754332492387764,0,2,0,0,0
9.713950940416396,0,4,0,4,2
1.8097695270948977,0,3,1,1,1
8.543850933695792,0,3,1,2,2
4.922778564480348,0,2,0,3,1
2.4723107440317706,1,5,0,4,2
8.707499012725114,1,2,1,4,3
4.453052550026655,1,5,0,2,2
5.148173539296902,0,4,1,3,2
3.5923336939976567,0,5,0,5,2
5.9295085143492745,0,2,0,4,1
1.6352387258502277,0,4,1,4,2
3.910815366517607,0,1,0,5,1
9.694123223352875,0,3,0,1,1
2.5813343270112754,0,2,0,1,0
6.567366645412922,0,2,0,0,0
3.251900642246949,1,2,1,2,2
7.734731256866007,0,4,1,3,2
1.3087366071834983,0,1,1,4,1
9.698210450785448,0,5,0,4,2
4.5378954138363925,0,1,0,0,0
2.3605046334646396,0,4,0,4,1
0.7349674733001266,1,2,1,2,1
1.6975790508754074,1,3,1,0,1
5.197739485560176,0,2,1,2,1
3.3700317643128628,1,5,0,0,1
8.288833658826094,1,3,0,4,2
4.308875236618059,1,2,0,0,1
2.487142725876299,1,3,0,1,1
6.171449866040301,0,1,0,3,1
7.067772168854458,0,4,1,4,2
1.6704190790094986,0,2,0,5,1
1.6761921628831766,0,5,0,3,1
0.3667142693354297,1,1,0,4,1
7.364020150656405,0,2,1,3,2
6.638045276218051,1,1,0,1,1
4.746308757498139,1,5,1,3,3
8.441704489691972,1,2,1,0,2
8.056701529500533,1,5,0,3,2
5.853543643967521,0,3,1,4,2
8.682712805132587,0,5,0,5,2
2.0584121003676827,0,3,0,5,1
1.1191961939772788,0,2,1,2,1
2.697496115169896,0,3,1,3,1
0.5708685608931485,0,2,0,5,1
5.31169528001032,1,2,0,3,2
9.366056922949614,0,4,0,5,2
0.39343540668509647,0,2,0,3,0
1.221099140100268,0,3,0,4,1
4.521990282834353,0,4,0,3,1
9.33875017527905,0,4,0,4,2
3.161561049767505,1,2,1,4,2
5.072348086883924,0,5,0,2,1
0.41572859050392097,1,5,0,5,2
1.4834320096208886,0,4,0,0,0
9.86630122958847,1,2,1,4,3
9.651186964360456,0,5,0,5,2
0.04939980934409616,0,2,0,1,0
9.51811785423239,0,2,0,3,1
6.391199378155004,1,4,1,1,2
8.679182945200221,0,4,0,3,2
4.547398556338591,0,1,1,2,1
5.155960285792503,1,5,1,4,3
4.888465802569202,1,5,1,0,2
6.668642575461043,0,5,1,4,2
1.396512547563129,1,3,0,3,1
0.2997358987267795,0,2,0,0,0
3.079299415911909,0,4,1,4,2
7.0468076273664675,0,5,0,0,1
2.0185345212294834,1,1,0,3,1
6.734324333249173,1,5,1,2,3
9.699120461072704,0,2,0,2,1
0.9390071578941839,0,2,0,4,1
6.726021182251262,0,4,0,1,1
4.437502193045711,1,3,0,3,2
8.681422543775053,1,4,1,4,3
1.771497894473859,0,5,0,4,1
6.926259522261645,1,1,0,2,1
8.381152896481103,1,4,0,0,2
9.446142194740233,0,3,1,3,2
6.832480282896459,0,4,1,0,1
4.971747640084273,0,2,0,5,1
6.178472402012138,0,5,1,5,3
8.689049844787181,0,5,0,3,2
5.706097466388297,0,5,1,1,1
0.3038705969683686,1,5,0,5,2
9.309486955069778,0,5,1,2,2
6.895267510315612,0,5,0,1,1
6.765133857772465,0,1,0,4,1
2.1567515239771717,0,3,0,5,1
6.5888547023265716,0,5,1,2,2
3.938644056541585,0,3,0,4,1
6.512329770414921,0,5,1,1,2
1.0659303030799072,0,4,0,3,1
6.5784530460303605,0,5,0,4,2
9.994137257706665,0,2,0,0,1
0.4821203886055603,1,1,1,3,1
9.771741842213173,0,4,0,3,2
4.069079607228706,0,4,1,1,1
8.707534503372592,1,2,1,1,2
7.823854840582735,0,5,1,2,2
5.6701626098666775,0,1,0,2,1
7.384492092513265,1,4,1,0,2
8.78515561301348,0,1,1,3,2
4.0414032165103295,0,4,0,0,0
3.270331615632387,1,5,1,0,2
6.675933855635847,1,4,0,1,2
8.078459419412585,1,4,0,0,2
7.622851347766158,0,3,0,0,1
7.978136488586345,0,5,0,4,2
4.35583314812933,0,2,0,2,1
8.178342161750216,0,2,0,2,1
1.2020905537060844,0,5,1,3,1
5.444890979608496,0,2,0,2,1
0.057586604981215705,1,5,0,5,2
3.2458582990027027,0,2,0,3,1
3.664615348713979,0,3,0,4,1
3.961726916092554,0,2,1,2,1
6.954672066898622,0,4,0,4,2
3.885581012703457,0,5,1,2,1
4.486936226225307,0,1,0,2,0
2.375441308743275,0,1,1,4,1
3.732517916293401,0,5,0,0,1
2.2726962726315145,1,3,0,0,1
0.7319592376844364,1,2,1,0,1
6.034485933813779,0,3,0,5,2
6.682127985550163,0,1,1,0,1
6.194903460096145,1,5,1,2,2
4.6349404380057235,1,5,0,1,1
3.797857801792298,0,3,0,4,1
8.633336495718252,1,3,0,1,2
5.190817851362181,0,2,1,5,2
4.79181877629731,1,4,1,1,2
0.2564206580643569,1,4,0,3,1
3.4124782762615635,0,2,0,0,0
3.8019561878585706,1,4,0,5,2
3.988227808969005,0,1,1,2,1
5.801723692273323,1,4,0,0,1
5.336025467268785,0,2,0,0,0
6.079050927934446,1,4,1,1,2
7.6488326154212825,0,5,0,3,2
8.129857387160936,0,3,0,0,1
7.181230762264944,0,1,1,4,2
9.555236959549347,1,5,1,4,3
0.1823258267636163,1,5,0,0,1
1.957779856835461,1,2,0,1,1
0.0756287497814212,1,3,0,1,1
6.47474714154603,0,3,0,2,1
8.98030548949987,0,1,1,5,2
2.4348229657629927,0,2,0,5,1
9.270345447963066,0,1,1,5,2
0.6026739028956085,0,4,1,3,1
9.344360268055143,0,5,0,1,1
3.516226872396344,0,1,0,2,0
1.0142082844921652,0,5,0,4,1
4.858717591863257,0,2,1,5,2
2.567765677205079,0,4,1,4,2
2.8487290196192285,1,2,0,4,2
3.0728996492628657,1,4,1,0,1
8.030258978326634,1,4,0,3,2
5.391612766752544,0,5,1,2,2
3.1130769915600363,0,2,0,3,1
6.103337833109183,1,2,0,0,1
7.161506742231936,0,1,1,2,1
2.7262400073353374,0,2,0,2,0
4.135491015253515,0,1,0,1,0
1.2188609333694755,0,3,0,3,1
1.8114934953468032,0,3,0,3,1
6.811178539649828,0,3,0,1,1
1.8143834769562694,0,2,1,4,1
5.251633836670601,0,2,0,0,0
7.090462617224327,0,1,0,3,1
1.0687692309474384,1,4,1,1,1
5.673122196289036,0,1,0,2,1
2.5656278370136376,0,3,0,5,1
9.629268752375799,1,1,1,1,3
4.835456467199247,0,4,1,5,2
8.059925497751582,0,2,1,4,2
5.502265421562617,0,1,1,0,1
0.43412532854819164,0,3,0,5,1
6.3315137559402235,0,3,1,4,2
9.51403342206657,1,2,0,5,3
6.016118201463312,0,1,1,2,1
8.191888594267901,0,4,0,2,1
8.842064633484078,0,2,1,2,2
2.2807977194893247,0,1,1,2,1
2.1204483990822665,0,5,1,1,1
6.1098098885099175,0,3,0,2,1
4.110284698067047,0,4,0,2,1
8.398613028667203,0,4,1,1,2
9.000231233980111,0,4,1,2,2
3.534213793027181,0,3,0,4,1
2.3687055897448204,1,1,1,4,2
7.805255152438618,0,2,1,3,2
2.748060355481361,0,1,0,4,1
8.226143185136785,0,2,1,0,1
4.237382536487628,1,4,0,0,1
6.675498992914704,0,1,0,0,0
0.9553531383466818,0,4,0,1,0
6.23859324676573,1,5,0,4,2
4.517676787372292,1,4,1,0,2
5.866084631754741,0,4,0,3,1
1.6801420774486342,0,2,1,1,1
7.368737449441821,1,5,1,3,3
8.627970775432285,1,4,1,4,3
2.1673980009077565,1,4,0,2,1
0.9571455552016173,0,5,1,3,1
0.23638586046336396,0,5,0,2,1
6.4197150044326605,0,1,0,1,0
6.070940360887808,1,2,0,3,2
5.4669741271407,0,5,0,3,1
2.3194709611597544,0,5,1,5,2
3.9090599590551465,1,3,0,1,1
5.944763351861731,0,5,1,1,1
4.967668588591694,1,2,0,0,1
9.877855202148872,0,4,0,4,2
1.3643975255673313,0,4,1,3,1
6.951445540475937,0,4,1,3,2
4.043187681042921,1,4,0,1,1
4.281996149256147,0,3,0,1,1
7.175977656581763,0,5,0,4,2
6.924361513243697,1,4,0,1,2
9.912559937021882,0,1,1,2,2
1.2839428945412523,0,4,1,2,1
1.0410964938416634,0,5,0,5,1
7.243388171287411,0,4,1,2,2
5.783869170064091,0,3,0,2,1
2.7416066655980584,0,2,0,4,1
0.794193689889866,0,2,0,3,0
0.8565824959643054,0,5,1,2,1
8.941908746641182,0,2,0,5,2
1.918673247187429,0,2,0,1,0
3.2337156211552074,0,1,0,2,0
2.26656402226988,0,5,0,5,2
3.5499630583193733,0,5,1,4,2
0.6942384274609337,0,2,0,1,0
5.190597909082704,0,2,0,5,1
0.676125635922149,1,2,1,2,1
8.003565078223616,0,3,1,3,2
2.3371208191043302,1,4,1,1,2
5.400119146045106,1,3,0,1,1
8.800790875614583,0,5,0,3,2
6.5087736904719415,0,1,0,1,0
5.329577865513353,0,4,0,2,1
3.243337531153756,1,1,1,1,1
3.330019130581979,0,5,0,2,1
6.694869551981901,0,5,0,3,2
9.941393612211675,0,1,0,0,1
6.618391898493786,1,1,0,3,2
5.577834173700249,1,1,1,2,2
7.306505102392461,0,5,0,4,2
4.652056122837181,0,2,0,3,1
0.6014234260078521,0,1,0,4,0
5.6229681587790985,0,4,0,4,2
9.576252845053801,1,5,0,2,3
1.7530294235765964,0,3,1,2,1
6.900048908206657,0,3,0,0,1
2.0093368865905648,0,4,1,5,2
5.3582768447308124,1,2,1,1,2
0.9667644964671962,1,1,1,3,1
4.503709362581851,0,5,1,2,2
7.561633288952461,1,1,0,3,2
3.4757152423898208,0,5,0,5,2
6.64911724487218,0,3,0,5,2
7.954499607897292,0,1,1,4,2
9.271778194794527,0,4,1,1,2
2.3464208185545354,0,2,1,0,0
3.993159158093081,1,4,0,3,2
1.5241601333041743,0,2,1,1,1
9.924835021583752,0,1,0,0,1
9.270009679242953,0,1,0,3,1
5.399571302805596,0,2,0,1,1
8.420332943764212,1,3,0,2,2
5.209579772720422,0,5,0,3,1
6.2358568800275975,0,4,0,1,1
0.8912443211601662,1,4,0,5,2
7.552704204968079,0,4,1,0,1
1.2771348363523483,0,1,1,1,0
8.260676302525283,0,4,1,2,2
7.820280876703859,0,5,0,3,2
7.087446977429765,1,5,1,3,3
0.36160380524762115,1,2,1,3,1
3.031283559453286,0,1,0,2,0
2.631125699108429,1,5,0,0,1
3.6013640747151907,0,3,0,3,1
0.8764274676383854,0,1,0,0,0
9.369578230310628,0,1,1,1,1
5.538022407123763,0,5,1,5,2
3.0552431065802352,0,3,0,5,1
3.969815170742834,0,2,1,0,1
4.472025405048356,1,5,1,0,2
6.005943333606173,0,3,1,5,2
5.156794276964978,0,1,0,3,1
9.193919732144174,0,3,1,4,2
4.969634829058302,0,1,0,4,1
9.921580148233126,0,5,0,2,2
8.514249577450958,0,5,0,5,2
2.085105143573358,1,4,0,5,2
9.305952146439163,0,4,1,2,2
1.163663978854761,0,4,0,4,1
8.174497084911916,0,5,0,1,1
3.806232934765801,0,2,0,3,1
8.779743204450694,0,5,1,3,2
8.680566901074503,1,3,0,1,2
8.059254001176212,0,5,1,1,2
7.900304363070614,0,5,0,4,2
3.046791390980408,0,1,0,2,0
0.8091928305125218,0,1,0,1,0
4.029801787651614,0,1,0,2,0
1.7352451498650867,1,5,0,0,1
6.9495108890246176,0,2,0,3,1
3.4609972653778556,1,3,1,4,2
9.756102008599148,0,3,1,3,2
6.40972077345332,1,2,0,4,2
8.224805636343609,0,2,0,0,1
1.3252467274184843,0,3,1,3,1
8.620144822726225,0,4,0,0,1
9.227571905133944,1,1,0,4,3
4.870619188189359,0,1,1,1,1
6.062529377509774,0,3,1,3,2
7.648098009029955,0,2,0,0,1
1.7483862726041255,1,4,0,5,2
5.0256607646344245,0,3,0,3,1
3.986630277723131,1,1,1,3,2
1.4637399216224911,0,5,0,3,1
3.6753442229153146,0,2,0,2,1
0.6817230938549357,0,5,0,0,0
0.25811906949486985,1,3,0,0,0
1.3516628915482276,0,1,1,3,1
9.631151115891738,1,4,1,1,3
5.49529535895017,0,5,1,3,2
9.6582216115322,0,4,0,2,2
4.32497878330132,0,1,0,4,1
3.1181613308525957,0,5,0,2,1
5.061418628402441,1,4,0,1,1
4.3951168863291015,1,4,1,3,2
1.0566468426174391,1,5,0,0,1
6.408263146902062,1,1,0,5,2
2.160381825095996,0,4,0,3,1
6.195879548978295,0,3,1,1,1
6.502010923981533,1,5,0,0,1
1.520248531286481,0,2,0,2,0
0.6134962711066816,1,2,0,4,1
7.807615860684399,1,1,1,4,3
4.5980042376932015,0,3,0,3,1
0.5816379550547579,1,4,1,2,2
9.948663171697671,0,2,1,5,2
0.5778056099636664,0,1,0,5,1
6.950352288585532,0,3,1,1,1
9.836789252634135,0,3,0,4,2
2.391801042159256,0,1,1,2,1
1.4224936868719618,0,1,0,3,0
1.213849394224289,1,4,0,0,1
3.0327514756759557,1,1,0,3,1
1.010458110106467,0,4,0,3,1
6.9216134169413195,0,4,1,2,2
0.6229179813006269,1,5,0,4,2
5.094221281497897,0,3,1,2,1
9.966968538529768,0,3,0,0,1
8.139702695060189,0,3,1,2,2
6.152194382310109,0,5,0,1,1
3.062536207866117,0,4,0,3,1
6.238958362916385,1,4,0,4,2
5.270414639116517,0,1,1,5,2
4.260833838903714,0,5,0,0,1
1.3071037674019947,0,1,0,5,1
8.866042152404667,0,5,0,3,2
4.497846488213225,0,1,1,2,1
1.9462251182076507,1,2,0,5,2
3.677593508772896,1,3,0,1,1
4.1412975252892705,0,3,0,2,1
8.275378955668742,1,4,1,3,3
7.336143805614021,1,2,1,5,3
7.693048936413398,1,3,0,0,1
0.11031264428647214,0,4,0,5,1
4.161539981797615,0,2,0,5,1
4.813441516353237,0,3,0,4,1
0.19192276823056686,0,1,0,5,1
2.598132087450342,0,5,1,3,2
7.60289823122135,0,2,0,0,1
1.3710970572899905,1,4,1,3,2
5.353101314525917,1,2,0,1,1
2.152018720172375,1,4,1,2,2
0.12120774643893273,0,2,0,5,1
2.412014575995415,0,4,0,4,1
9.758737549100537,0,3,0,0,1
8.015371118829895,0,1,0,4,1
9.595766443210334,0,3,0,4,2
4.878540439263625,0,1,1,4,1
1.097361986775035,0,3,1,5,2
5.47959488973693,1,3,0,0,1
4.543773345599609,0,2,0,0,0
8.44357082739616,1,5,0,4,3
0.9808258078424459,0,4,0,2,1
4.882411370217782,0,4,0,5,2
1.5004866469398426,0,4,1,5,2
3.2467592689005995,0,1,1,3,1
7.373570773877996,0,4,1,5,3
4.7601812936876655,0,4,0,4,1
3.7588828514576935,0,2,1,1,1
3.944762785700353,0,3,1,4,2
4.594467684059866,0,4,0,0,0
7.850165438370569,1,5,0,5,3
8.920846889402345,0,4,1,5,3
9.553346865039282,1,1,0,3,3
7.869033862552951,0,1,0,1,1
3.1540689574801273,1,1,0,5,2
6.881347060865421,1,4,0,3,2
4.376031240553919,0,2,0,3,1
2.5467062204605115,0,5,1,1,1
8.408715794259226,1,4,1,4,3
0.38426348962324997,0,2,1,4,1
9.017619921354235,0,2,0,4,2
4.614774646247342,0,4,1,2,1
6.3720147680828045,1,4,0,4,2
6.593539222057827,1,2,0,1,1
8.951177407065364,0,2,0,2,1
6.366696821672074,0,2,0,4,1
6.139335847600618,0,4,0,2,1
0.6665204056068996,0,2,0,1,0
5.18408021945204,1,1,0,4,2
1.5016900081704165,0,4,0,0,0
7.374337687214856,0,1,1,5,2
5.122219208126745,0,3,0,1,1
6.802277792083533,1,4,1,3,3
0.41672900602384266,0,3,0,3,1
0.8479201604580322,0,2,0,1,0
7.163233880626823,0,2,1,3,2
0.7208433599867337,0,5,0,1,0
0.712567277652586,0,2,0,0,0
0.1210847523488745,0,3,1,1,1
9.5650139829948,0,2,0,4,2
7.37508359459007,1,4,1,4,3
3.5325140850206416,1,2,0,2,1
2.9653558128765525,1,5,0,3,2
3.4970322974584955,0,2,0,5,1
7.746535311811819,1,3,0,3,2
6.613706110704144,0,3,1,1,1
1.8519556786746794,0,2,1,5,1
1.7410933533408435,0,3,0,5,1
0.9839564971339732,0,3,0,3,1
6.603027197013382,0,5,1,5,3
7.643726622217359,0,4,0,5,2
2.6504642832500402,0,5,0,4,1
0.20944961030912812,0,1,0,0,0
0.8217166747642735,0,5,0,1,0
9.678600348450304,0,2,1,3,2
2.9544477747742026,0,4,1,4,2
7.692231478381336,1,2,0,2,2
6.2466356885426375,1,1,0,5,2
3.8193963965289592,0,4,0,5,2
2.0568726219555513,0,3,0,3,1
1.2138641815940643,0,5,0,0,0
6.150129680388666,1,2,1,0,1
7.74633780637788,0,1,0,3,1
6.439042535411307,0,3,0,3,1
5.303021332491583,0,5,0,4,2
0.41951223431636264,0,3,0,3,1
9.684887775943839,0,5,0,2,2
7.987141916545745,1,4,1,4,3
2.928220367009647,0,3,0,5,1
9.799703293588507,0,3,1,5,3
6.018815896363221,1,3,0,5,2
5.824226582072464,1,4,0,5,3
7.4807317942953215,0,1,0,1,1
8.117697880901375,0,5,0,2,1
6.564786073315027,0,3,0,4,1
1.2809574636620003,1,4,0,4,2
3.382675059944984,0,1,1,5,1
9.280836403260498,1,5,1,0,3
2.2461561184385195,0,4,0,4,1
3.7216702383751334,0,5,0,2,1
4.32076882944196,0,3,0,3,1
4.394049896944522,0,1,0,2,0
6.129395824945255,0,4,0,5,2
9.430758377447075,0,1,1,5,2
2.40692711832505,0,3,0,1,0
1.2150137630091806,1,1,0,4,1
1.9747048985993731,0,1,0,4,1
8.869249002092696,1,2,0,4,2
6.458108126552061,0,1,1,5,2
2.859067892391601,0,5,0,4,1
8.159469389686173,0,4,0,0,1
8.61369996363436,0,2,1,0,1
8.465143386902781,1,4,0,3,2
9.189265336395545,0,4,1,4,2
2.522410201733616,0,3,0,1,0
7.550419287462783,0,3,0,3,1
4.6053949727414,0,2,1,5,2
8.419985528900614,0,3,0,4,2
7.284906771616132,1,3,0,0,1
7.764474464997246,1,3,0,1,2
6.561618376810715,0,4,0,3,1
1.7742876946970687,0,2,1,1,1
5.450269188969383,0,4,1,4,2
9.846697395245082,0,5,1,2,2
9.373880664971189,0,4,1,1,2
0.4317373579701167,0,5,0,1,0
1.6481481572943713,0,1,0,5,1
1.317287734545619,0,1,0,0,0
7.259799099852955,0,5,0,4,2
8.17785329856945,0,5,0,1,1
2.1351136631067194,0,4,1,4,2
5.05852692951829,0,5,0,0,1
8.407030280112,1,2,0,5,2
7.328015447662506,0,1,0,4,1
5.422372054918483,0,1,1,0,1
5.903476904587729,0,5,1,0,1
5.0836054691628,1,3,1,3,2
2.9754845131882055,0,3,0,5,1
5.650219928590161,0,5,1,5,2
6.888853020500907,0,2,0,4,1
8.733229158608077,1,3,1,2,2
6.362913539792481,1,5,0,3,2
7.61121537043158,0,2,0,5,2
1.60071634954573,1,2,0,0,0
4.6155747441978985,1,4,1,5,3
0.09331619827093296,1,2,0,2,1
2.46678864521623,0,3,1,1,1
7.264617151130048,0,3,0,1,1
9.918099513493635,0,5,0,5,2
0.9917809958721591,1,5,0,5,2
4.0149431586128825,0,2,0,3,1
8.000709686991595,0,1,0,5,2
2.0403563462889887,0,4,0,2,1
5.550849493022863,1,1,1,5,2
7.330712960296748,1,2,0,4,2
6.159854502601791,0,2,1,2,1
1.8802473461541613,1,1,0,3,1
3.553845686857394,0,4,1,4,2
7.837917844853973,1,1,0,4,2
5.542265141320167,0,5,0,1,1
0.052296135429127366,0,3,0,2,0
7.6099076002809385,1,5,0,4,3
0.3531135494023907,0,3,1,3,1
7.457337827312322,1,2,0,1,1
2.024805601652374,0,4,0,4,1
9.580734801193802,0,1,1,2,2
3.679407513020845,0,4,0,1,1
3.269316163380791,0,1,1,2,1
1.4888805033244468,0,5,0,2,1
3.0560421549021486,0,5,1,2,1
8.766507618282006,0,1,0,1,1
9.963343376272473,0,4,0,4,2
3.683095305068483,1,1,0,5,2
4.486106309545425,1,2,1,0,1
7.220709382027371,0,5,0,4,2
8.861957804650745,1,2,0,1,2
5.930443341867841,0,5,1,0,1
3.9152569817782936,0,5,1,0,1
4.126218408486237,1,3,1,0,1
6.956181464968068,1,2,1,5,3
0.032182636042786816,0,2,0,3,0
6.195893374598407,1,3,0,1,1
3.554930104413574,0,4,1,5,2
7.941973312770843,1,2,1,5,3
0.9299063982313216,0,1,0,3,0
5.882022669483905,0,3,0,0,0
4.809728898861238,0,2,1,3,1
6.423255259052274,0,4,0,3,1
0.6485359448296835,0,2,0,5,1
5.799837874281312,1,5,0,1,2
5.614845879595237,0,1,0,2,1
5.606600944161709,0,3,1,3,2
6.034876665964548,0,5,0,3,1
6.764679372263622,0,4,1,0,1
8.049889996807698,0,5,0,0,1
2.6982072012821434,0,5,0,5,2
8.250494101800621,0,4,1,0,1
4.982556822634536,0,5,0,4,2
0.7705827913433116,0,3,0,3,1
0.585509292439792,1,2,0,0,0
3.3423831869606078,1,5,0,1,1
7.8489697711146755,0,3,0,4,2
7.076809347409157,0,2,1,5,2
7.886149646724064,0,2,1,2,1
5.172690564416094,0,5,1,3,2
4.401989979554905,0,3,0,3,1
1.4745252670628395,0,5,0,1,1
3.2819275360931153,0,4,0,2,1
4.340193661738753,0,2,0,2,1
0.8860042967961723,0,5,0,5,1
2.2061195271121123,1,2,0,5,2
5.982252940637388,1,3,1,4,3
7.356631142391898,0,1,0,3,1
9.983475113929497,0,5,0,0,1
9.331133313435577,1,5,1,5,3
6.425651995351915,1,2,0,1,1
4.21248053294072,0,3,1,1,1
6.361773647082327,0,4,1,1,1
7.85651618080232,0,3,1,5,2
1.1833619092338732,0,5,0,5,1
4.099048896962882,0,4,1,1,1
8.398022856356173,0,3,0,5,2
3.83832951933044,0,1,1,0,0
5.718722712271865,0,2,0,0,0
5.877693608621982,1,3,0,4,2
1.8447625313363936,0,3,0,3,1
3.622354416522884,0,1,0,0,0
3.3451128874193214,0,5,1,4,2
0.26196708532064794,0,2,1,2,1
0.24191763891355245,1,3,1,3,2
8.316970436757735,0,4,0,0,1
2.7307080997281243,0,3,1,2,1
5.180787662388155,1,2,0,4,2
2.9872557358877305,0,3,1,0,1
9.406792451153406,1,1,1,0,3
2.5929675886577375,0,3,0,5,1
4.296568127389351,0,3,1,2,1
8.727302504846019,0,4,0,0,1
8.419335667918087,0,1,0,1,1
1.8610141784627732,1,1,0,5,1
8.026433097957105,1,3,0,5,3
4.581868867378926,0,4,1,0,1
4.829688720853552,0,3,0,5,1
1.3347997241594378,1,3,0,3,1
0.8060151375712465,1,2,0,2,1
7.279393069737652,0,2,1,3,2
4.964611523552998,0,4,1,4,2
4.3685070261517955,0,5,1,3,2
7.295082286523967,1,2,1,1,2
7.6551289899110975,0,5,0,5,2
1.5890816766935356,0,1,0,5,1
6.102251494776413,1,2,0,1,1
1.3535408227768553,0,2,0,5,1
7.513750860290457,0,4,1,3,2
6.569551562671395,0,5,0,4,2
9.56614621083458,0,2,1,0,1
0.6895801635642118,0,2,0,1,0
0.5705472115125432,0,4,0,3,1
2.8218707469320012,0,4,0,3,1
